{
  "precision": 0.9963031423290203,
  "recall": 0.9871794871794872,
  "f1_score": 0.9917203311867525,
  "true_positives": 539,
  "false_positives": 2,
  "false_negatives": 7
}