{
  "precision": 0.9988262910798122,
  "recall": 1.0,
  "f1_score": 0.9994128009395186,
  "tp": 851,
  "fp": 1,
  "fn": 0
}